INV1525887;1243302;Pico Commode
HMS10001;1243302;Fauteuil de douche Madrigal
HMSNOUMEA200;1243302;Fauteuil de douche
HER540381;1243302;Siège de douche garde-robe Obana
FRA80209273;1243302;Etac Clean
INVH243;1243302;Chaise Cascade
DUPSA2113600;1243302;Pareo
HER320023;1243302;Chaise GR New club avec bouchon confort
HMSGR12;1243302;Fauteuil garde-robe GR 10
HMSGR10;1243302;Fauteuil garde-robe
INV1471163;1243302;Invacare®Omega H450 lavande
INV1471010;1243302;Invacare®Omega Pliante H407
INV1542903;1243302;Fauteuil Omega
INV1525770;1243302;Cascata
HMSGR50;1243302;Fauteuil garde-robe GR 50
HER300523;1243302;Chaise garde robe Open
INVH340;1243302;Invacare®Izzo 
CAR758752;1294506;Matelas Cargumixt® NG
ASKVA103MB14;1240150;Matelas gaufrier Aplot® monobloc
DUPSA4141000;1225675;Arceau de lit
CLE704135N;2166740;Yannick fermé, cuir, mixte noir T35
CLE704136N;2166740;Yannick fermé, cuir, mixte noir T36
CLE704137N;2166740;Yannick fermé, cuir, mixte noir T37
CLE704138N;2166740;Yannick fermé, cuir, mixte noir T38
CLE704139N;2166740;Yannick fermé, cuir, mixte noir T39
CLE704140N;2166740;Yannick fermé, cuir, mixte noir T40
CLE704141N;2166740;Yannick fermé, cuir, mixte noir T41
CLE704142N;2166740;Yannick fermé, cuir, mixte noir T42
CLE704143N;2166740;Yannick fermé, cuir, mixte noir T43
CLE704144N;2166740;Yannick fermé, cuir, mixte noir T44
CLE704145N;2166740;Yannick fermé, cuir, mixte noir T45
CLE704146N;2166740;Yannick fermé, cuir, mixte noir T46
CLE7044F35B;2166740;Chaussure Héloïse fermée cuir/strech T35 beige
CLE7044F35N;2166740;Chaussure Héloïse fermée cuir/strech T35 noir
CLE7044F36B;2166740;Chaussure Héloïse fermée cuir/strech T36 beige
CLE7044F36N;2166740;Chaussure Héloïse fermée cuir/strech T36 noir
CLE7044F37B;2166740;Chaussure Héloïse fermée cuir/strech T37 beige
CLE7044F37N;2166740;Chaussure Héloïse fermée cuir/strech T37 noir
CLE7044F38B;2166740;Chaussure Héloïse fermée cuir/strech T38 beige
CLE7044F38N;2166740;Chaussure Héloïse fermée cuir/strech T38 noir
CLE7044F39B;2166740;Chaussure Héloïse fermée cuir/strech T39 beige
CLE7044F39N;2166740;Chaussure Héloïse fermée cuir/strech T39 noir
CLE7044F40B;2166740;Chaussure Héloïse fermée cuir/strech T40 beige
CLE7044F40N;2166740;Chaussure Héloïse fermée cuir/strech T40 noir
CLE7044F41B;2166740;Chaussure Héloïse fermée cuir/strech T41 beige
CLE7044F41N;2166740;Chaussure Héloïse fermée cuir/strech T41 noir
CLE704735M;2166740;Adelaide Marron T35
CLE704736M;2166740;Adelaide Marron T36
CLE704737M;2166740;Adelaide Marron T37
CLE704738M;2166740;Adelaide Marron T38
CLE704739M;2166740;Adelaide Marron T39
CLE704235N;2166740;Alix Noir T35
CLE704236N;2166740;Alix Noir T36
CLE704237N;2166740;Alix Noir T37
CLE704238N;2166740;Alix Noir T38
CLE704239N;2166740;Alix Noir T39
CLE704240N;2166740;Alix Noir T40
CLE704241N;2166740;Alix Noir T41
CLE704335BE;2166740;Alix Beige T35
CLE704336BE;2166740;Alix Beige T36
CLE704337BE;2166740;Alix Beige T37
CLE704338BE;2166740;Alix Beige T38
CLE704339BE;2166740;Alix Beige T39
CLE704340BE;2166740;Alix Beige T40
CLE704341BE;2166740;Alix Beige T41
CEL2001;2166740;2001-ALICANTE DU 40-48
CEL2003;2166740;2003-GIESSEN DU 35-42
CEL303BO+POINTURE;2166740;Venus Lycra 35 - 42 - tissu 
CEL30736;2166740;Wallaby Diabetic T36
CEL30737;2166740;Wallaby Diabetic T37
CEL30738;2166740;Wallaby Diabetic T38
CEL30739;2166740;Wallaby Diabetic T39
CEL30740;2166740;Wallaby Diabetic T40
CEL30741;2166740;Wallaby Diabetic T41
CEL30742;2166740;Wallaby Diabetic T42
CEL30743;2166740;Wallaby Diabetic T43
CEL30744;2166740;Wallaby Diabetic T44
CEL30745;2166740;Wallaby Diabetic T45
CEL30746;2166740;Wallaby Diabetic T46
CEL30747;2166740;Wallaby Diabetic T47
CEL30748;2166740;Wallaby Diabetic T48
CEL21335B;2166740;New Diane T35 Beige
CEL21335BL;2166740;New Diane T35 Bleu
CEL21336B;2166740;New Diane T36 Beige
CEL21336BL;2166740;New Diane T36 Bleu
CEL21337B;2166740;New Diane T37 Beige
CEL21337BL;2166740;New Diane T37 Bleu
CEL21338B;2166740;New Diane T38 Beige
CEL21338BL;2166740;New Diane T38 Bleu
CEL21339B;2166740;New Diane T39 Beige
CEL21339BL;2166740;New Diane T39 Bleu
CEL21340B;2166740;New Diane T40 Beige
CEL21340BL;2166740;New Diane T40 Bleu
CEL21341B;2166740;New Diane T41 Beige
CEL21341BL;2166740;New Diane T41 Bleu
CEL21342B;2166740;New Diane T42 Beige
CEL21342BL;2166740;New Diane T42 Bleu
CEL30636B;2166740;Ortho Coton Bleu T36
CEL30636N;2166740;Ortho Coton Noir T36
CEL30637B;2166740;Ortho Coton Bleu T37
CEL30637N;2166740;Ortho Coton Noir T37
CEL30638B;2166740;Ortho Coton Bleu T38
CEL30638N;2166740;Ortho Coton Noir T38
CEL30639B;2166740;Ortho Coton Bleu T39
CEL30639N;2166740;Ortho Coton Noir T39
CEL30640B;2166740;Ortho Coton Bleu T40
CEL30640N;2166740;Ortho Coton Noir T40
CEL30641B;2166740;Ortho Coton Bleu T41
CEL30641N;2166740;Ortho Coton Noir T41
CEL30642B;2166740;Ortho Coton Bleu T42
CEL30642N;2166740;Ortho Coton Noir T42
CEL30643B;2166740;Ortho Coton Bleu T43
CEL30643N;2166740;Ortho Coton Noir T43
CEL30644B;2166740;Ortho Coton Bleu T44
CEL30644N;2166740;Ortho Coton Noir T44
CEL30645B;2166740;Ortho Coton Bleu T45
CEL30645N;2166740;Ortho Coton Noir T45
CEL30646B;2166740;Ortho Coton Bleu T46
CEL30646N;2166740;Ortho Coton Noir T46
CEL30647B;2166740;Ortho Coton Bleu T47
CEL30647N;2166740;Ortho Coton Noir T47
CEL30648B;2166740;Ortho Coton Bleu T48
CEL30648N;2166740;Ortho Coton Noir T48
NEU490320+POINTURE;2166740;Activity femme
NEU490321+POINTURE;2166740;Activity homme 
NEU49325000+POINTURE;2166740;Elixir
NEU49720902+POINTURE;2166740;Fransisco 
NEU4933505CVN;2182614;Cortina velcro
NEU4933507CVN;2182614;Courmayeu r velcro
INVPC100;1269224;Positioning
ASKVCP07CIC;1220471;Cale de positionnement d’abduction des hanches
ASKVCP08CIC;1220471;Cale de positionnement latéral 30°
ASKVCP09CIC;1220471;Cale de positionnement 1/2 lune
ASKVCP11CIC;1220471;Cale de positionnement latéral 30°
ASKVCP02CIC;1269224;Cale de positionnement Universel 1
ASKVCP03CIC;1269224;Cale de positionnement Universel 2
ASKVCP04CIC;1269224;Cale de positionnement base cylindrique
ASKVDT41ACIC;1269224;Talonnière stabilisatrice
ASKVCP01CIC;1254895;Cale 1/2 bouée plot d’abduction des genoux
ASKVCP05CIC;1254895;Plot de positionnement pied
ASKVCP06CIC;1254895;Plot de positionnement main
ASKVCP12CIC;1254895;Cale de positionnement modulaire de forme circulaire
PHA22965;1254895;Gamme Poz'In Form
PHA22980;1254895;Gamme Poz'In Form
PHA22902;1269224;Gamme Poz'In Form
PHA22901;1254895;Gamme Poz'In Form
PHA22903;1254895;Gamme Poz'In Form
PHA22910;1269224;Gamme Poz'In Form
INVPC100B;1269224;Positioning
INVPC400;1220471;Demi-lune Positioning
INVPC400B;1220471;Demi-lune Positioning
INVMLTS;1269224;Décharge talonnière Positioning
INVMLTM;1269224;Décharge talonnière Positioning
INVMLTL;1269224;Décharge talonnière Positioning
INVHP50;1269224;Cale talon Positioning
INVHP100;1269224;Cale talon Positioning
INVPC300;1220471;Décubitus Positioning
INVPC300B;1220471;Décubitus Positioning
INVOSW100BALT;1220471;Cale de plicature Positioning
PHA2222200;1254895;Triangle d'abduction 
PHA1717050;1221855;Talonnière Pharma Form
SUNKITJAY;1269336;Jay® J3
SUNJAYSHAPE;1269336;Dossier Jay® Shape
SUNJAYJ3CARBON;1269336;Jay® J3 Carbon
PERAG21410AL;1269336;Assise modulaire Agility™ Roho (coussin + dossier Agility)
PHA1719110;4375116;Dosseret Kallidos
PHA1719210;4375116;Dosseret Kallidos
ASKVCAG4343;1280036;Coussin anti-escarre Alova
ASKVAB4345;1244260;Coussin Geltop
PHA1717106;1239022;Coussin Iskio bi-matière
CAR768338;1217664;Viscolux Technique
CAR706815;1202705;Viscolux Galbé
ASKVAB40;1244260;Coussin Geltop
PHA1717260;1294653;Coussin Primaform®
SUNJLWWDDKIT;1269336;Coussin Jay® Lite
SUNJAYBALANCEKIT;1269336;Coussin Jay Balance
SUNJAYXTREMEKIT;1269336;Coussin Jay Xtreme Active 
ASKV3671EL;1245459;Coussin Kinéris
APE0101004P;4375116;Combo 100 Plus
RECCPA005;1228857;Profil'Air 
RECCPA008;1228857;Profil'Air 
INVATB0018;4130136;Storm 4 X-plore
INV0020;4122757;Four X Chasswheel
PERX850CORPUS3G;4130136;X850 CORPUS 3G
ICAEXTREMEX8AA1;4130136;Extreme X8
ICAEXTREMEX8AA2;4122757;Extreme X8
SUNJIV010011;4130136;Jive R2
SUNJIV010011AA2;4122757;Jive R2
INVATB0015;4130136;Storm 4
INVATC0016;4122757;Storm 4
INVAUA0015;4130136;FDX®
INVAUB0016;4122757;FDX®
INVARA0015;4130136;TDX® SP 2
INVARB0016;4122757;TDX® SP 2
YOUB000896;4122757;LUCA Qlass
PERFRONTIERV6AA1;4130136;Frontier V6
PERFRONTIERV6AA2;4122757;Frontier V6
PEROFFROADV4AA1;4130136;Fauteuil Offroad V4
PEROFFROADV4AA2;4122757;Fauteuil Offroad V4
OTTC2000;4130136;C-2000 
INVASA0015;4130136;Bora
SUN21200000000AA1;4130136;Quickie® Salsa R²
SUN21200000000AA2;4122757;Quickie® Salsa R²
SUNSALSAMAA1;4130136;Quickie® Salsa M²
SUNSALSAMAA2;4122757;Quickie® Salsa M²
SUNTANGOAA1;4130136;Quickie® Tango
SUNTANGOAA2;4122757;Quickie® Tango
ERGO07L;4111854;Fauteuil roulant pliable Ergo 07L
BISTERRA;4130136;Terra AA1
YOULUCAEQLASS;4122757;Luca E-Qlass
INVAVB0016;4122757;Kite AA2
INVAT1485898;4122757;Pronto M61 S
OTTB400AA1VR2;4130136;B400 Advanced AA1
OTTB400AA2VR2;4122757;B400 Advanced AA2
BISTRIPLEX;4122757;Triplex AA2
SUNJIV010003AA1;4130136;Quickie® Jive M
SUNJIV010003AA2;4122757;Quickie® Jive M
VERTIMIXAA1;4130136;Timix
VERFORESTIIILIFT;4130136;Forest III Lift
OTT490E32AA1;4130136;B-600
OTT490E32AA2;4122757;B-600
YOUALEXQLASS;4122757;Alex QLASS Traction
YOUALEXQLASSSB;4122757;Alex QLASS Shortbase
PERM400CORPUS3G;4130136;M400 Corpus 3G
PERC350CORPUS3G;4130136;C350 Corpus 3G
INV1577179;4130136;Pronto™ Air PT AA1
VERNAVIX;4130136;Navix
OTT490E46AA1;4130136;A200
OTT490E46AA2;4122757;A200
INVSFC0110;4130136;Esprit Action® 4 NG
INVAQC0015;4130136;Pronto M41
INVAQC0016;4122757;Pronto M41 AA2
YOULUCAQLASS;4122757;Luca QLASS
LIFLSA;4195615;LSA
INVCSB0025;4183434;Verticalisateur Action® Vertic
OTT490E58;4168966;Xeno
PERFVS;4168966;F5 CORPUS VS
INVAMN0022;4168966;Verticalisateur Dragon Vertic
VERFOREST3SU;4168966;Forest 3 SU
INVDDU0020;4107723;Küschall® Ultra-light
INVDDX0020;4107723;Küschall® KSL
SUN65100000;4107723;Quickie® Argon 2
SUNLIFER;4107723;Quickie® Life R
PERAZFS1FAST;4107723;TiLite Aero Z Fast, Aero Z et ZRA
PERZ2FS2;4107723;TiLite Aero Z Fast, Aero Z et ZRA
PERAZFS1;4107723;TiLite Aero Z Fast, Aero Z et ZRA
PERATFS1;4107723;Tilite Aero T
VERSAGITTA;4107723;Sagitta
INVDDP0020;4107723;Küschall® Compact
INVDDA0067;4107723;Küschall® K-Séries
SUN072001PE;4107723;Quickie® Life
SUN71100301;4107723;Quickie® Easy 300
OTTMOTUSCV;4107723;Motus CV et CS
OTTMOTUSCS;4107723;Motus CV et CS
INVDDC0031;4118193;Küschall® Champion
SUN066001000;4107723;Quickie® Helium
SUN76800001;4107723;Quickie®  Xenon²
SUN77800001;4107723;Quickie®  Xenon² SA
PERTXS1;4107723;Tilite TX
PERG2FS1;4107723;Tilite 2GX
PER2XFS1;4107723;Tilite Aero X
INVDDR0080;4107723;Küschall® R33
PERZ2FSI;4107723;Tilite ZR
PERTRFS1;4107723;Tilite TR
OTTAVANTGCLTSTYLE;4107723;Avantgarde CLT Style
OTT480A76;4179540;Voyager Evo
LOGICW2100;4179540;icon
SUNBASIX2F;4107723;Breezy® BasiX2
SUNBASIXI;4118193;Breezy® BasiX2 5
INVSBB0030;4107723;Action® 1 NG
INVSBB0040;4122473;Action® 1 NG
INVCEB0031;4107723;Action® 3 NG
INVCEB0036;4122473;Action® 3 NG
INVCEB0041;4122473;Action® 3 NG
SUNRUBIX2;4107723;Breezy® RubiX2
SUNRUBIX2RXXL;4107723;Breezy® RubiX2
OTT480F74;4107723;Start M2
VERD200;4107723;D200
VERECLIPS;4107723;Eclips standard
INVCKB0031;4107723;Action® 4 NG
INVCKB0036;4122473;Action® 4 NG
INVCKB0041;4122473;Action® 4 NG
INVSJC0110;4107723;Action 5
INVSCJ0115;4118193;Action 5
INVSCJ0120;4118193;Action 5
 INV1517737;4252810;Alu Lite 
 INV1517738;4252810;Alu Lite 
DUPM28000700;4252810;Stan
DUPM28000300;4252810;Stan
DUPM28000900;4252810;Stan
VERSTABILO;4327382;manchette stabilo
AXS820105;1243302;Seau de toilette Wheelable
INVCLA001;4300348;Alber E-fix®
RUPTPU10;4222803;Tonicross Plus
VER2219VTBB;4222803;Tricycle Vintage
VER2217FRWR;4222803;Tricycle Freedom Blanc
VIL1020068S1;1296787;Canne Morgane
FDISWR;1296787;Canne anglaise
FDIOCB;1296787;Canne anglaise
FDIETN;1296787;Canne anglaise
FDIEDM;1296787;Canne anglaise
HER200700;1296787;Canne anglaise Progress I
HMS548BIS;1200764;Canne quadripode
HMS545BISA;1200764;Canne tripode
HER250900;1206880;Canne blanche
PATAA8114;1296787;Canne de marche XXL
DUPSA1132005;1296787;Canne siège pliante à 3 pieds - Pause
HER100322;1270463;Canne en bois
HER100302;1270463;Canne en bois
HER250280;1296787;Canne Maginot 90cm pliante avec étui 
HER255611;1296787;Canne pliante Derby pliante Cashemere
HER255613;1296787;Canne pliante
HER255617;1296787;Canne pliante
HER255623;1296787;Canne pliante
HER243603;1296787;canne Maginot anatomique droite
HER243604;1296787;canne Maginot anatomique gauche
INVP435B;1285619;Déambulateur Escort
INV1515569;1285619;Invacare®Asteria P409 
INV1513721;1285619;Actio 2
INV152442;1285619;Déambulateur 4 roues Banjo
HER243876;1285619;rollator Modelito Classic Xtra
HER243855;1285619;Alustyl'max
INVP421B;1285619;Déambulateur pliant Foria
HER223861;1285619;Déambulateur fixe pliant
INV1515533;1285619;Rollator Delta
DUPSA1311005;1285619;Déambulateur 4 roues Road
INV15592024627;1285619;Rollator Dolomite Jazz 610
INV15592014627;1285619;Rollator Dolomite Jazz 510
AKSSTOPES;1280533;Sangle toilette
AKSSTOPEM;1280533;Sangle toilette
AKSSTOPEL;1280533;Sangle toilette
AKSSTOPEXL;1280533;Sangle toilette
HMSCANDY800;1243302;Fauteuil Candy 800 Fortissimo
HER380008;1243302;Chaise 3 en 1 XXL
HER306323;1243302;Fauteuil XXL
DUSA2118000;1243302;GRD-MAX Chaise garde-robe et de douche
ASKVMA120BAR;1234728;Matelas ALOVA Bariatrique XXL
INV1527559;4107723;Topaz
BISPYROLIGHTXL;4107723;Pyro light xl 
INVAWC0016;4122757;Storm® 4 Max AA2
INVARO0080;4122757;Fauteuil roulant électrique 6 roues TDX® SP2 Ultra Low Maxx
PAT091208909;1296787;Béquille XXL
PATAA8114;1296787;Canne de marche XXL
PAT091183524;1285619;Cadre de marche
HMSTA3940;1285619;Déambulateur Fortissimo
HMSTA3942;1285619;Déambulateur 4 roues Fortissimo
PAT091439090;1285619;Rollator XXL Days
PAT091204874;1243302;Chaise percée basse
PAT091204882;1243303;Chaise percée basse
RUPPGE10;4261051;Poussette évolutive Geko
OTTKIMBANEO;4261051;Poussette évolutive Kimba Neo
RUPPSW6805;4255116;Poussette Swifty
VER2217FRWR;4222803;Tricycle Freedom Blanc
VER2015;4222803;Tricycle 2215
RUPTBA1021;4222803;Tonicross Basic
RUPTLI40L1;4222803;Tonicross Liberty
PERKOALA;4130136;Koala Miniflex
SUNZIPSALSAR2AA1;4130136;Zippie® Salsa R2
SUNZIPSALSAR2AA2;4122757;Zippie® Salsa R2
SUNYOUNGSTER3;4134364;Zippie® Youngster 3 évolutif
SUNYOUNGSTER3R;4134364;Zippie® Youngster 3 évolutif
VERECLIPSX4E;4179540;Eclips X4 Enfant
INVCNC0030;4134364;Action® 3 Junior Evolutif
INVCNC0040;4134364;Action® 3 Junior Evolutif
INVCNC0035;4134364;Action® 3 Junior Evolutif
PERLSRKID;4183434;LSR Kid
PERK450MX;4130136;K450 MX
VERSPRINGERAA1;4130136;Springer
SUNLIFER;4179540;Quickie® Life R
SUNKITJAYZIP;1269336;Jay® Zip
SUN5B;1279027;Zippie® siège Neptune
SUN28382;1269336;Zippie® siège Neptune
SUN28383;1269336;Zippie® siège Pluton
RUPSKI3000;1269336;Siège auto Kiwy SP
RUPSCA3000;1269336;Siège auto Carrot
PAT091167832;1285619;Cadre de marche Nimbo
HER200510;1296787;Canne Tiki
HER200520;1296787;Canne Tiki
